data,002_aomori,大穴溜池,mesh.vtk
data,003_iwate,上郷溜池,mesh.vtk
data,003_iwate,北小倉澤溜池,mesh.vtk
data,004_miyagi,一二三関溜池,mesh.vtk
data,005_akita,奥山貯水池,mesh.vtk
data,005_akita,岩倉溜池,mesh.vtk
data,005_akita,湯ノ澤溜池,mesh.vtk
data,005_akita,馬鞍澤溜池,mesh.vtk
data,006_yamagata,松澤溜池,mesh.vtk
data,006_yamagata,鶴子澤溜池,mesh.vtk
data,006_yamagata,堂見澤溜池,mesh.vtk
data,007_fukushima,大澤溜池,mesh.vtk
data,007_fukushima,木ノ内溜池,mesh.vtk
data,009_tochigi,逆川調整池,mesh.vtk
data,010_gunnma,大谷溜池,mesh.vtk
data,010_gunnma,田代貯水池,mesh.vtk
data,011_saitama,山口貯水池,mesh.vtk
data,012_chiba,海老敷溜池,mesh.vtk
data,012_chiba,国府村第一池,mesh.vtk
data,012_chiba,山入池,mesh.vtk
data,013_tokyo,村山貯水池下池,mesh.vtk
data,013_tokyo,村山貯水池上池,mesh.vtk
data,015_niigata,栗山池,mesh.vtk
data,015_niigata,小布施池,mesh.vtk
data,016_toyama,奥池,mesh.vtk
data,017_ishikawa,千野池,mesh.vtk
data,017_ishikawa,竹ノ鼻溜池,mesh.vtk
data,017_ishikawa,籾小谷溜池,mesh.vtk
data,018_fukui,武周湖貯水池,mesh.vtk
data,019_yamanashi,大野調節池,mesh.vtk
data,019_yamanashi,龍ヶ池,mesh.vtk
data,020_nagano,戸隠貯水池,mesh.vtk
data,020_nagano,班尾溜池,mesh.vtk
data,021_gifu,為真池,mesh.vtk
data,021_gifu,坂本池,mesh.vtk
data,021_gifu,小泉第一号溜池,mesh.vtk
data,021_gifu,小泉第二号溜池,mesh.vtk
data,021_gifu,東野池,mesh.vtk
data,021_gifu,南宮池,mesh.vtk
data,021_gifu,北部聯合第一号池,mesh.vtk
data,021_gifu,北部聯合第二号池,mesh.vtk
data,021_gifu,野井西武第一号溜池,mesh.vtk
data,023_aichi,若王子池,mesh.vtk
data,023_aichi,新池,mesh.vtk
data,023_aichi,入鹿池,mesh.vtk
data,024_mie,笠田池,mesh.vtk
data,025_shiga,金吹池,mesh.vtk
data,025_shiga,淡海池,mesh.vtk
data,025_shiga,南谷池,mesh.vtk
data,025_shiga,宝殿池,mesh.vtk
data,026_kyoto,火ノ口谷池,mesh.vtk
data,026_kyoto,廻リ池,mesh.vtk
data,026_kyoto,大谷池,mesh.vtk
data,026_kyoto,豊昌池,mesh.vtk
data,027_osaka,狭山池,mesh.vtk
data,027_osaka,坂谷池,mesh.vtk
data,027_osaka,寺ガ池,mesh.vtk
data,027_osaka,新池,mesh.vtk
data,028_hyogo,花祭池,mesh.vtk
data,028_hyogo,外塔波池,mesh.vtk
data,028_hyogo,四王子池,mesh.vtk
data,028_hyogo,新池(多可町),mesh.vtk
data,028_hyogo,新池(丹波市),mesh.vtk
data,028_hyogo,西光池,mesh.vtk
data,028_hyogo,大城池,mesh.vtk
data,028_hyogo,大正池,mesh.vtk
data,028_hyogo,日ケ奥池,mesh.vtk
data,028_hyogo,板木池,mesh.vtk
data,028_hyogo,美女池,mesh.vtk
data,028_hyogo,氷室池,mesh.vtk
data,028_hyogo,母子池,mesh.vtk
data,028_hyogo,本宮池,mesh.vtk
data,028_hyogo,路谷池,mesh.vtk
data,029_nara,大門池,mesh.vtk
data,029_nara,白川溜池,mesh.vtk
data,030_wakayama,尻掛川池,mesh.vtk
data,030_wakayama,新池,mesh.vtk
data,031_tottori,真野池,mesh.vtk
data,031_tottori,大谷池,mesh.vtk
data,031_tottori,第二狼谷池,mesh.vtk
data,031_tottori,池谷池,mesh.vtk
data,031_tottori,中尾尻池,mesh.vtk
data,031_tottori,長尾谷池,mesh.vtk
data,031_tottori,鉄山林池,mesh.vtk
data,032_shimane,中里石畑池,mesh.vtk
data,032_shimane,東池,mesh.vtk
data,032_shimane,矢原池,mesh.vtk
data,033_okayama,一ノ谷池,mesh.vtk
data,033_okayama,円山池,mesh.vtk
data,033_okayama,塩手池,mesh.vtk
data,033_okayama,塩谷池,mesh.vtk
data,033_okayama,奥谷池,mesh.vtk
data,033_okayama,吉川池,mesh.vtk
data,033_okayama,血洗池,mesh.vtk
data,033_okayama,幻住寺池,mesh.vtk
data,033_okayama,黒谷池,mesh.vtk
data,033_okayama,山神池,mesh.vtk
data,033_okayama,小名郷池,mesh.vtk
data,033_okayama,西河内池,mesh.vtk
data,033_okayama,大黒池,mesh.vtk
data,033_okayama,大正池,mesh.vtk
data,033_okayama,中倉池,mesh.vtk
data,033_okayama,長谷下池,mesh.vtk
data,033_okayama,鎮守池,mesh.vtk
data,033_okayama,天神池,mesh.vtk
data,033_okayama,田広木池,mesh.vtk
data,033_okayama,土橋池,mesh.vtk
data,033_okayama,平谷池,mesh.vtk
data,033_okayama,明治池,mesh.vtk
data,034_hiroshima,雨木池,mesh.vtk
data,034_hiroshima,荻ヶ谷池,mesh.vtk
data,034_hiroshima,大谷池,mesh.vtk
data,034_hiroshima,梨成池,mesh.vtk
